"Bevolking; leeftijd, migratieachtergrond, geslacht en regio, 1 januari";;;;;;;;;;;;;;;;;;;;;;;;;;;;;;;;;;;;;;;;;;;;;;;;;;;;;;;;;;;;;;;;;;;;;;;;;;;;;;;;;;;;;;;;;;;;;;;;;;;;;;;;;;;;;;;;;;;;;;;;;;;;;;;;;;;;;;;;;;;;;;;;;;;;;;;;;;;;;;;;;;;;;;;;;;;;;;;;;;;;;;;;;;;;;;;;;;;;;;;;;;;;;;;;;;;;;;;;;;;;;;;;;;;;;;;;;;;;;;;;;;;
Perioden;2010;2010;2010;2010;2010;2010;2010;2010;2010;2010;2010;2010;2010;2010;2010;2010;2010;2010;2010;2010;2010;2010;2010;2010;2010;2010;2010;2011;2011;2011;2011;2011;2011;2011;2011;2011;2011;2011;2011;2011;2011;2011;2011;2011;2011;2011;2011;2011;2011;2011;2011;2011;2011;2011;2012;2012;2012;2012;2012;2012;2012;2012;2012;2012;2012;2012;2012;2012;2012;2012;2012;2012;2012;2012;2012;2012;2012;2012;2012;2012;2012;2013;2013;2013;2013;2013;2013;2013;2013;2013;2013;2013;2013;2013;2013;2013;2013;2013;2013;2013;2013;2013;2013;2013;2013;2013;2013;2013;2014;2014;2014;2014;2014;2014;2014;2014;2014;2014;2014;2014;2014;2014;2014;2014;2014;2014;2014;2014;2014;2014;2014;2014;2014;2014;2014;2015;2015;2015;2015;2015;2015;2015;2015;2015;2015;2015;2015;2015;2015;2015;2015;2015;2015;2015;2015;2015;2015;2015;2015;2015;2015;2015;2016;2016;2016;2016;2016;2016;2016;2016;2016;2016;2016;2016;2016;2016;2016;2016;2016;2016;2016;2016;2016;2016;2016;2016;2016;2016;2016;2017;2017;2017;2017;2017;2017;2017;2017;2017;2017;2017;2017;2017;2017;2017;2017;2017;2017;2017;2017;2017;2017;2017;2017;2017;2017;2017;2018;2018;2018;2018;2018;2018;2018;2018;2018;2018;2018;2018;2018;2018;2018;2018;2018;2018;2018;2018;2018;2018;2018;2018;2018;2018;2018
Onderwerpen;Totale bevolking;Totale bevolking;Totale bevolking;Totale bevolking;Totale bevolking;Totale bevolking;Totale bevolking;Totale bevolking;Totale bevolking;Totale bevolking;Totale bevolking;Totale bevolking;Totale bevolking;Totale bevolking;Totale bevolking;Totale bevolking;Totale bevolking;Totale bevolking;Totale bevolking;Totale bevolking;Totale bevolking;Totale bevolking;Totale bevolking;Totale bevolking;Totale bevolking;Totale bevolking;Totale bevolking;Totale bevolking;Totale bevolking;Totale bevolking;Totale bevolking;Totale bevolking;Totale bevolking;Totale bevolking;Totale bevolking;Totale bevolking;Totale bevolking;Totale bevolking;Totale bevolking;Totale bevolking;Totale bevolking;Totale bevolking;Totale bevolking;Totale bevolking;Totale bevolking;Totale bevolking;Totale bevolking;Totale bevolking;Totale bevolking;Totale bevolking;Totale bevolking;Totale bevolking;Totale bevolking;Totale bevolking;Totale bevolking;Totale bevolking;Totale bevolking;Totale bevolking;Totale bevolking;Totale bevolking;Totale bevolking;Totale bevolking;Totale bevolking;Totale bevolking;Totale bevolking;Totale bevolking;Totale bevolking;Totale bevolking;Totale bevolking;Totale bevolking;Totale bevolking;Totale bevolking;Totale bevolking;Totale bevolking;Totale bevolking;Totale bevolking;Totale bevolking;Totale bevolking;Totale bevolking;Totale bevolking;Totale bevolking;Totale bevolking;Totale bevolking;Totale bevolking;Totale bevolking;Totale bevolking;Totale bevolking;Totale bevolking;Totale bevolking;Totale bevolking;Totale bevolking;Totale bevolking;Totale bevolking;Totale bevolking;Totale bevolking;Totale bevolking;Totale bevolking;Totale bevolking;Totale bevolking;Totale bevolking;Totale bevolking;Totale bevolking;Totale bevolking;Totale bevolking;Totale bevolking;Totale bevolking;Totale bevolking;Totale bevolking;Totale bevolking;Totale bevolking;Totale bevolking;Totale bevolking;Totale bevolking;Totale bevolking;Totale bevolking;Totale bevolking;Totale bevolking;Totale bevolking;Totale bevolking;Totale bevolking;Totale bevolking;Totale bevolking;Totale bevolking;Totale bevolking;Totale bevolking;Totale bevolking;Totale bevolking;Totale bevolking;Totale bevolking;Totale bevolking;Totale bevolking;Totale bevolking;Totale bevolking;Totale bevolking;Totale bevolking;Totale bevolking;Totale bevolking;Totale bevolking;Totale bevolking;Totale bevolking;Totale bevolking;Totale bevolking;Totale bevolking;Totale bevolking;Totale bevolking;Totale bevolking;Totale bevolking;Totale bevolking;Totale bevolking;Totale bevolking;Totale bevolking;Totale bevolking;Totale bevolking;Totale bevolking;Totale bevolking;Totale bevolking;Totale bevolking;Totale bevolking;Totale bevolking;Totale bevolking;Totale bevolking;Totale bevolking;Totale bevolking;Totale bevolking;Totale bevolking;Totale bevolking;Totale bevolking;Totale bevolking;Totale bevolking;Totale bevolking;Totale bevolking;Totale bevolking;Totale bevolking;Totale bevolking;Totale bevolking;Totale bevolking;Totale bevolking;Totale bevolking;Totale bevolking;Totale bevolking;Totale bevolking;Totale bevolking;Totale bevolking;Totale bevolking;Totale bevolking;Totale bevolking;Totale bevolking;Totale bevolking;Totale bevolking;Totale bevolking;Totale bevolking;Totale bevolking;Totale bevolking;Totale bevolking;Totale bevolking;Totale bevolking;Totale bevolking;Totale bevolking;Totale bevolking;Totale bevolking;Totale bevolking;Totale bevolking;Totale bevolking;Totale bevolking;Totale bevolking;Totale bevolking;Totale bevolking;Totale bevolking;Totale bevolking;Totale bevolking;Totale bevolking;Totale bevolking;Totale bevolking;Totale bevolking;Totale bevolking;Totale bevolking;Totale bevolking;Totale bevolking;Totale bevolking;Totale bevolking;Totale bevolking;Totale bevolking;Totale bevolking;Totale bevolking;Totale bevolking;Totale bevolking;Totale bevolking;Totale bevolking;Totale bevolking;Totale bevolking;Totale bevolking;Totale bevolking;Totale bevolking;Totale bevolking;Totale bevolking;Totale bevolking;Totale bevolking;Totale bevolking;Totale bevolking;Totale bevolking;Totale bevolking;Totale bevolking;Totale bevolking
Onderwerpen;Mannen en vrouwen;Mannen en vrouwen;Mannen en vrouwen;Mannen en vrouwen;Mannen en vrouwen;Mannen en vrouwen;Mannen en vrouwen;Mannen en vrouwen;Mannen en vrouwen;Mannen;Mannen;Mannen;Mannen;Mannen;Mannen;Mannen;Mannen;Mannen;Vrouwen;Vrouwen;Vrouwen;Vrouwen;Vrouwen;Vrouwen;Vrouwen;Vrouwen;Vrouwen;Mannen en vrouwen;Mannen en vrouwen;Mannen en vrouwen;Mannen en vrouwen;Mannen en vrouwen;Mannen en vrouwen;Mannen en vrouwen;Mannen en vrouwen;Mannen en vrouwen;Mannen;Mannen;Mannen;Mannen;Mannen;Mannen;Mannen;Mannen;Mannen;Vrouwen;Vrouwen;Vrouwen;Vrouwen;Vrouwen;Vrouwen;Vrouwen;Vrouwen;Vrouwen;Mannen en vrouwen;Mannen en vrouwen;Mannen en vrouwen;Mannen en vrouwen;Mannen en vrouwen;Mannen en vrouwen;Mannen en vrouwen;Mannen en vrouwen;Mannen en vrouwen;Mannen;Mannen;Mannen;Mannen;Mannen;Mannen;Mannen;Mannen;Mannen;Vrouwen;Vrouwen;Vrouwen;Vrouwen;Vrouwen;Vrouwen;Vrouwen;Vrouwen;Vrouwen;Mannen en vrouwen;Mannen en vrouwen;Mannen en vrouwen;Mannen en vrouwen;Mannen en vrouwen;Mannen en vrouwen;Mannen en vrouwen;Mannen en vrouwen;Mannen en vrouwen;Mannen;Mannen;Mannen;Mannen;Mannen;Mannen;Mannen;Mannen;Mannen;Vrouwen;Vrouwen;Vrouwen;Vrouwen;Vrouwen;Vrouwen;Vrouwen;Vrouwen;Vrouwen;Mannen en vrouwen;Mannen en vrouwen;Mannen en vrouwen;Mannen en vrouwen;Mannen en vrouwen;Mannen en vrouwen;Mannen en vrouwen;Mannen en vrouwen;Mannen en vrouwen;Mannen;Mannen;Mannen;Mannen;Mannen;Mannen;Mannen;Mannen;Mannen;Vrouwen;Vrouwen;Vrouwen;Vrouwen;Vrouwen;Vrouwen;Vrouwen;Vrouwen;Vrouwen;Mannen en vrouwen;Mannen en vrouwen;Mannen en vrouwen;Mannen en vrouwen;Mannen en vrouwen;Mannen en vrouwen;Mannen en vrouwen;Mannen en vrouwen;Mannen en vrouwen;Mannen;Mannen;Mannen;Mannen;Mannen;Mannen;Mannen;Mannen;Mannen;Vrouwen;Vrouwen;Vrouwen;Vrouwen;Vrouwen;Vrouwen;Vrouwen;Vrouwen;Vrouwen;Mannen en vrouwen;Mannen en vrouwen;Mannen en vrouwen;Mannen en vrouwen;Mannen en vrouwen;Mannen en vrouwen;Mannen en vrouwen;Mannen en vrouwen;Mannen en vrouwen;Mannen;Mannen;Mannen;Mannen;Mannen;Mannen;Mannen;Mannen;Mannen;Vrouwen;Vrouwen;Vrouwen;Vrouwen;Vrouwen;Vrouwen;Vrouwen;Vrouwen;Vrouwen;Mannen en vrouwen;Mannen en vrouwen;Mannen en vrouwen;Mannen en vrouwen;Mannen en vrouwen;Mannen en vrouwen;Mannen en vrouwen;Mannen en vrouwen;Mannen en vrouwen;Mannen;Mannen;Mannen;Mannen;Mannen;Mannen;Mannen;Mannen;Mannen;Vrouwen;Vrouwen;Vrouwen;Vrouwen;Vrouwen;Vrouwen;Vrouwen;Vrouwen;Vrouwen;Mannen en vrouwen;Mannen en vrouwen;Mannen en vrouwen;Mannen en vrouwen;Mannen en vrouwen;Mannen en vrouwen;Mannen en vrouwen;Mannen en vrouwen;Mannen en vrouwen;Mannen;Mannen;Mannen;Mannen;Mannen;Mannen;Mannen;Mannen;Mannen;Vrouwen;Vrouwen;Vrouwen;Vrouwen;Vrouwen;Vrouwen;Vrouwen;Vrouwen;Vrouwen
Leeftijd;Totaal;Totaal;Totaal;Totaal;Totaal;Totaal;Totaal;Totaal;Totaal;Totaal;Totaal;Totaal;Totaal;Totaal;Totaal;Totaal;Totaal;Totaal;Totaal;Totaal;Totaal;Totaal;Totaal;Totaal;Totaal;Totaal;Totaal;Totaal;Totaal;Totaal;Totaal;Totaal;Totaal;Totaal;Totaal;Totaal;Totaal;Totaal;Totaal;Totaal;Totaal;Totaal;Totaal;Totaal;Totaal;Totaal;Totaal;Totaal;Totaal;Totaal;Totaal;Totaal;Totaal;Totaal;Totaal;Totaal;Totaal;Totaal;Totaal;Totaal;Totaal;Totaal;Totaal;Totaal;Totaal;Totaal;Totaal;Totaal;Totaal;Totaal;Totaal;Totaal;Totaal;Totaal;Totaal;Totaal;Totaal;Totaal;Totaal;Totaal;Totaal;Totaal;Totaal;Totaal;Totaal;Totaal;Totaal;Totaal;Totaal;Totaal;Totaal;Totaal;Totaal;Totaal;Totaal;Totaal;Totaal;Totaal;Totaal;Totaal;Totaal;Totaal;Totaal;Totaal;Totaal;Totaal;Totaal;Totaal;Totaal;Totaal;Totaal;Totaal;Totaal;Totaal;Totaal;Totaal;Totaal;Totaal;Totaal;Totaal;Totaal;Totaal;Totaal;Totaal;Totaal;Totaal;Totaal;Totaal;Totaal;Totaal;Totaal;Totaal;Totaal;Totaal;Totaal;Totaal;Totaal;Totaal;Totaal;Totaal;Totaal;Totaal;Totaal;Totaal;Totaal;Totaal;Totaal;Totaal;Totaal;Totaal;Totaal;Totaal;Totaal;Totaal;Totaal;Totaal;Totaal;Totaal;Totaal;Totaal;Totaal;Totaal;Totaal;Totaal;Totaal;Totaal;Totaal;Totaal;Totaal;Totaal;Totaal;Totaal;Totaal;Totaal;Totaal;Totaal;Totaal;Totaal;Totaal;Totaal;Totaal;Totaal;Totaal;Totaal;Totaal;Totaal;Totaal;Totaal;Totaal;Totaal;Totaal;Totaal;Totaal;Totaal;Totaal;Totaal;Totaal;Totaal;Totaal;Totaal;Totaal;Totaal;Totaal;Totaal;Totaal;Totaal;Totaal;Totaal;Totaal;Totaal;Totaal;Totaal;Totaal;Totaal;Totaal;Totaal;Totaal;Totaal;Totaal;Totaal;Totaal;Totaal;Totaal;Totaal;Totaal;Totaal;Totaal;Totaal;Totaal;Totaal;Totaal;Totaal;Totaal;Totaal;Totaal;Totaal;Totaal;Totaal;Totaal;Totaal;Totaal;Totaal;Totaal
Migratieachtergrond;Totaal;Nederlandse achtergrond;Met migratieachtergrond;Westerse migratieachtergrond;Niet-westerse migratieachtergrond;China;Marokko;Suriname;Zuid-Afrika;Totaal;Nederlandse achtergrond;Met migratieachtergrond;Westerse migratieachtergrond;Niet-westerse migratieachtergrond;China;Marokko;Suriname;Zuid-Afrika;Totaal;Nederlandse achtergrond;Met migratieachtergrond;Westerse migratieachtergrond;Niet-westerse migratieachtergrond;China;Marokko;Suriname;Zuid-Afrika;Totaal;Nederlandse achtergrond;Met migratieachtergrond;Westerse migratieachtergrond;Niet-westerse migratieachtergrond;China;Marokko;Suriname;Zuid-Afrika;Totaal;Nederlandse achtergrond;Met migratieachtergrond;Westerse migratieachtergrond;Niet-westerse migratieachtergrond;China;Marokko;Suriname;Zuid-Afrika;Totaal;Nederlandse achtergrond;Met migratieachtergrond;Westerse migratieachtergrond;Niet-westerse migratieachtergrond;China;Marokko;Suriname;Zuid-Afrika;Totaal;Nederlandse achtergrond;Met migratieachtergrond;Westerse migratieachtergrond;Niet-westerse migratieachtergrond;China;Marokko;Suriname;Zuid-Afrika;Totaal;Nederlandse achtergrond;Met migratieachtergrond;Westerse migratieachtergrond;Niet-westerse migratieachtergrond;China;Marokko;Suriname;Zuid-Afrika;Totaal;Nederlandse achtergrond;Met migratieachtergrond;Westerse migratieachtergrond;Niet-westerse migratieachtergrond;China;Marokko;Suriname;Zuid-Afrika;Totaal;Nederlandse achtergrond;Met migratieachtergrond;Westerse migratieachtergrond;Niet-westerse migratieachtergrond;China;Marokko;Suriname;Zuid-Afrika;Totaal;Nederlandse achtergrond;Met migratieachtergrond;Westerse migratieachtergrond;Niet-westerse migratieachtergrond;China;Marokko;Suriname;Zuid-Afrika;Totaal;Nederlandse achtergrond;Met migratieachtergrond;Westerse migratieachtergrond;Niet-westerse migratieachtergrond;China;Marokko;Suriname;Zuid-Afrika;Totaal;Nederlandse achtergrond;Met migratieachtergrond;Westerse migratieachtergrond;Niet-westerse migratieachtergrond;China;Marokko;Suriname;Zuid-Afrika;Totaal;Nederlandse achtergrond;Met migratieachtergrond;Westerse migratieachtergrond;Niet-westerse migratieachtergrond;China;Marokko;Suriname;Zuid-Afrika;Totaal;Nederlandse achtergrond;Met migratieachtergrond;Westerse migratieachtergrond;Niet-westerse migratieachtergrond;China;Marokko;Suriname;Zuid-Afrika;Totaal;Nederlandse achtergrond;Met migratieachtergrond;Westerse migratieachtergrond;Niet-westerse migratieachtergrond;China;Marokko;Suriname;Zuid-Afrika;Totaal;Nederlandse achtergrond;Met migratieachtergrond;Westerse migratieachtergrond;Niet-westerse migratieachtergrond;China;Marokko;Suriname;Zuid-Afrika;Totaal;Nederlandse achtergrond;Met migratieachtergrond;Westerse migratieachtergrond;Niet-westerse migratieachtergrond;China;Marokko;Suriname;Zuid-Afrika;Totaal;Nederlandse achtergrond;Met migratieachtergrond;Westerse migratieachtergrond;Niet-westerse migratieachtergrond;China;Marokko;Suriname;Zuid-Afrika;Totaal;Nederlandse achtergrond;Met migratieachtergrond;Westerse migratieachtergrond;Niet-westerse migratieachtergrond;China;Marokko;Suriname;Zuid-Afrika;Totaal;Nederlandse achtergrond;Met migratieachtergrond;Westerse migratieachtergrond;Niet-westerse migratieachtergrond;China;Marokko;Suriname;Zuid-Afrika;Totaal;Nederlandse achtergrond;Met migratieachtergrond;Westerse migratieachtergrond;Niet-westerse migratieachtergrond;China;Marokko;Suriname;Zuid-Afrika;Totaal;Nederlandse achtergrond;Met migratieachtergrond;Westerse migratieachtergrond;Niet-westerse migratieachtergrond;China;Marokko;Suriname;Zuid-Afrika;Totaal;Nederlandse achtergrond;Met migratieachtergrond;Westerse migratieachtergrond;Niet-westerse migratieachtergrond;China;Marokko;Suriname;Zuid-Afrika;Totaal;Nederlandse achtergrond;Met migratieachtergrond;Westerse migratieachtergrond;Niet-westerse migratieachtergrond;China;Marokko;Suriname;Zuid-Afrika;Totaal;Nederlandse achtergrond;Met migratieachtergrond;Westerse migratieachtergrond;Niet-westerse migratieachtergrond;China;Marokko;Suriname;Zuid-Afrika;Totaal;Nederlandse achtergrond;Met migratieachtergrond;Westerse migratieachtergrond;Niet-westerse migratieachtergrond;China;Marokko;Suriname;Zuid-Afrika
Regio's;aantal;aantal;aantal;aantal;aantal;aantal;aantal;aantal;aantal;aantal;aantal;aantal;aantal;aantal;aantal;aantal;aantal;aantal;aantal;aantal;aantal;aantal;aantal;aantal;aantal;aantal;aantal;aantal;aantal;aantal;aantal;aantal;aantal;aantal;aantal;aantal;aantal;aantal;aantal;aantal;aantal;aantal;aantal;aantal;aantal;aantal;aantal;aantal;aantal;aantal;aantal;aantal;aantal;aantal;aantal;aantal;aantal;aantal;aantal;aantal;aantal;aantal;aantal;aantal;aantal;aantal;aantal;aantal;aantal;aantal;aantal;aantal;aantal;aantal;aantal;aantal;aantal;aantal;aantal;aantal;aantal;aantal;aantal;aantal;aantal;aantal;aantal;aantal;aantal;aantal;aantal;aantal;aantal;aantal;aantal;aantal;aantal;aantal;aantal;aantal;aantal;aantal;aantal;aantal;aantal;aantal;aantal;aantal;aantal;aantal;aantal;aantal;aantal;aantal;aantal;aantal;aantal;aantal;aantal;aantal;aantal;aantal;aantal;aantal;aantal;aantal;aantal;aantal;aantal;aantal;aantal;aantal;aantal;aantal;aantal;aantal;aantal;aantal;aantal;aantal;aantal;aantal;aantal;aantal;aantal;aantal;aantal;aantal;aantal;aantal;aantal;aantal;aantal;aantal;aantal;aantal;aantal;aantal;aantal;aantal;aantal;aantal;aantal;aantal;aantal;aantal;aantal;aantal;aantal;aantal;aantal;aantal;aantal;aantal;aantal;aantal;aantal;aantal;aantal;aantal;aantal;aantal;aantal;aantal;aantal;aantal;aantal;aantal;aantal;aantal;aantal;aantal;aantal;aantal;aantal;aantal;aantal;aantal;aantal;aantal;aantal;aantal;aantal;aantal;aantal;aantal;aantal;aantal;aantal;aantal;aantal;aantal;aantal;aantal;aantal;aantal;aantal;aantal;aantal;aantal;aantal;aantal;aantal;aantal;aantal;aantal;aantal;aantal;aantal;aantal;aantal;aantal;aantal;aantal;aantal;aantal;aantal;aantal;aantal;aantal;aantal;aantal;aantal
Groningen (PV);576668;502459;74209;40715;33494;1820;1602;6176;435;286495;249578;36917;19243;17674;863;841;3120;213;290173;252881;37292;21472;15820;957;761;3056;222;579036;502352;76684;41944;34740;1874;1618;6200;455;287924;249806;38118;19792;18326;881;842;3123;225;291112;252546;38566;22152;16414;993;776;3077;230;580875;502371;78504;43122;35382;2024;1675;6259;461;288754;249800;38954;20474;18480;962;865;3155;229;292121;252571;39550;22648;16902;1062;810;3104;232;581705;501767;79938;44029;35909;2144;1701;6254;482;289275;249586;39689;21013;18676;1013;868;3164;245;292430;252181;40249;23016;17233;1131;833;3090;237;582728;500900;81828;44689;37139;2197;1751;6265;506;289820;249279;40541;21233;19308;1029;882;3156;251;292908;251621;41287;23456;17831;1168;869;3109;255;583942;500157;83785;44818;38967;2251;1760;6261;522;290840;249126;41714;21299;20415;1052;880;3156;253;293102;251031;42071;23519;18552;1199;880;3105;269;583721;498137;85584;44996;40588;2319;1785;6246;545;291058;248254;42804;21449;21355;1102;912;3148;267;292663;249883;42780;23547;19233;1217;873;3098;278;583581;495910;87671;45882;41789;2488;1783;6252;550;291291;247444;43847;21940;21907;1168;903;3148;273;292290;248466;43824;23942;19882;1320;880;3104;277;582944;493072;89872;46458;43414;2654;1819;6248;553;290938;246213;44725;22155;22570;1254;925;3141;274;292006;246859;45147;24303;20844;1400;894;3107;279
Friesland (PV);646305;591687;54618;31196;23422;1356;2146;2984;435;322911;295841;27070;14903;12167;664;1153;1468;213;323394;295846;27548;16293;11255;692;993;1516;222;647282;591901;55381;31724;23657;1425;2161;3026;440;323439;296157;27282;15024;12258;690;1162;1492;218;323843;295744;28099;16700;11399;735;999;1534;222;647214;591195;56019;32062;23957;1426;2152;3043;449;323495;295940;27555;15175;12380;711;1155;1495;223;323719;295255;28464;16887;11577;715;997;1548;226;646862;590396;56466;32132;24334;1421;2147;3054;464;323442;295678;27764;15231;12533;708;1159;1487;226;323420;294718;28702;16901;11801;713;988;1567;238;646317;589182;57135;32062;25073;1411;2168;3073;470;323242;295219;28023;15186;12837;698;1164;1489;233;323075;293963;29112;16876;12236;713;1004;1584;237;646257;588388;57869;32094;25775;1352;2167;3051;479;323398;294861;28537;15274;13263;663;1161;1497;239;322859;293527;29332;16820;12512;689;1006;1554;240;646040;586957;59083;32224;26859;1376;2180;3094;490;323376;294232;29144;15328;13816;675;1163;1516;241;322664;292725;29939;16896;13043;701;1017;1578;249;646874;585408;61466;32306;29160;1394;2229;3102;513;324048;293609;30439;15390;15049;677;1184;1520;255;322826;291799;31027;16916;14111;717;1045;1582;258;647268;583889;63379;32501;30878;1364;2255;3109;514;324491;293097;31394;15441;15953;677;1188;1540;251;322777;290792;31985;17060;14925;687;1067;1569;263
Drenthe (PV);490981;447392;43589;27728;15861;982;1476;1833;342;242778;221358;21420;12985;8435;526;763;929;173;248203;226034;22169;14743;7426;456;713;904;169;491411;447332;44079;27739;16340;989;1511;1867;357;243084;221336;21748;12990;8758;531;783;955;180;248327;225996;22331;14749;7582;458;728;912;177;490807;446559;44248;27655;16593;992;1525;1856;355;243134;221283;21851;12932;8919;545;803;958;180;247673;225276;22397;14723;7674;447;722;898;175;489918;445500;44418;27655;16763;1005;1532;1877;367;242757;220966;21791;12957;8834;542;813;954;187;247161;224534;22627;14698;7929;463;719;923;180;488988;444170;44818;27737;17081;993;1539;1884;371;242230;220286;21944;13003;8941;542;814;975;190;246758;223884;22874;14734;8140;451;725;909;181;488576;443234;45342;27794;17548;970;1515;1894;383;242262;219936;22326;13052;9274;515;801;976;200;246314;223298;23016;14742;8274;455;714;918;183;488629;441983;46646;27771;18875;1023;1514;1883;394;242483;219436;23047;13078;9969;537;784;960;206;246146;222547;23599;14693;8906;486;730;923;188;491792;441739;50053;27726;22327;1047;1541;1900;402;243998;219305;24693;13020;11673;546;802;976;213;247794;222434;25360;14706;10654;501;739;924;189;492100;441746;50354;27794;22560;1073;1531;1893;418;244216;219362;24854;13030;11824;554;797;972;217;247884;222384;25500;14764;10736;519;734;921;201
Overijssel (PV);1130345;969852;160493;78992;81501;3003;4290;5273;882;564960;484846;80114;37856;42258;1528;2240;2619;464;565385;485006;80379;41136;39243;1475;2050;2654;418;1134465;971943;162522;79918;82604;3155;4283;5313;918;566903;486012;80891;38278;42613;1601;2241;2651;482;567562;485931;81631;41640;39991;1554;2042;2662;436;1137668;973766;163902;80146;83756;3224;4257;5360;928;568764;487255;81509;38404;43105;1655;2218;2684;488;568904;486511;82393;41742;40651;1569;2039;2676;440;1139350;974915;164435;80178;84257;3230;4279;5388;935;569690;488005;81685;38407;43278;1650;2235;2705;498;569660;486910;82750;41771;40979;1580;2044;2683;437;1139697;974671;165026;79939;85087;3255;4296;5395;943;570214;488206;82008;38276;43732;1665;2248;2688;496;569483;486465;83018;41663;41355;1590;2048;2707;447;1140652;974633;166019;79826;86193;3266;4308;5398;974;570894;488337;82557;38287;44270;1624;2253;2690;509;569758;486296;83462;41539;41923;1642;2055;2708;465;1144280;975024;169256;79691;89565;3328;4299;5456;1009;573324;488854;84470;38264;46206;1669;2245;2731;528;570956;486170;84786;41427;43359;1659;2054;2725;481;1147687;975380;172307;79983;92324;3318;4308;5513;1057;575428;489214;86214;38483;47731;1674;2253;2758;543;572259;486166;86093;41500;44593;1644;2055;2755;514;1151501;975745;175756;80421;95335;3382;4371;5577;1063;577431;489564;87867;38686;49181;1714;2282;2788;549;574070;486181;87889;41735;46154;1668;2089;2789;514
Flevoland (PV);387881;283492;104389;31987;72402;1103;10120;25758;655;194185;142969;51216;15292;35924;520;5150;12287;296;193696;140523;53173;16695;36478;583;4970;13471;359;391967;284791;107176;32533;74643;1226;10255;26247;663;196064;143588;52476;15495;36981;586;5223;12474;303;195903;141203;54700;17038;37662;640;5032;13773;360;395525;285768;109757;33430;76327;1300;10509;26634;689;197783;144131;53652;15856;37796;624;5326;12624;316;197742;141637;56105;17574;38531;676;5183;14010;373;398441;286198;112243;34230;78013;1440;10782;27192;686;199314;144411;54903;16268;38635;706;5446;12937;318;199127;141787;57340;17962;39378;734;5336;14255;368;399893;286011;113882;34784;79098;1518;10937;27351;690;199950;144296;55654;16631;39023;743;5534;12999;322;199943;141715;58228;18153;40075;775;5403;14352;368;401791;285649;116142;35860;80282;1503;11134;27441;688;200949;144085;56864;17249;39615;733;5626;13000;318;200842;141564;59278;18611;40667;770;5508;14441;370;404068;285397;118671;36676;81995;1585;11249;27601;697;202157;143952;58205;17727;40478;751;5683;13088;327;201911;141445;60466;18949;41517;834;5566;14513;370;407818;284866;122952;37706;85246;1708;11462;28038;732;204138;143682;60456;18138;42318;791;5804;13275;351;203680;141184;62496;19568;42928;917;5658;14763;381;411670;284760;126910;38821;88089;1854;11662;28591;764;205912;143692;62220;18689;43531;872;5880;13511;366;205758;141068;64690;20132;44558;982;5782;15080;398
Gelderland (PV);1998936;1715926;283010;151951;131059;5188;20017;11181;1578;986919;847673;139246;71992;67254;2542;10388;5470;726;1012017;868253;143764;79959;63805;2646;9629;5711;852;2004671;1719263;285408;153084;132324;5064;20328;11307;1599;989383;849455;139928;72486;67442;2438;10531;5497;741;1015288;869808;145480;80598;64882;2626;9797;5810;858;2010745;1721876;288869;154193;134676;5352;20618;11400;1637;992668;851104;141564;72989;68575;2596;10680;5541;752;1018077;870772;147305;81204;66101;2756;9938;5859;885;2015791;1724300;291491;154961;136530;5605;20912;11432;1684;995180;852619;142561;73205;69356;2717;10808;5575;767;1020611;871681;148930;81756;67174;2888;10104;5857;917;2019692;1725830;293862;155060;138802;5791;21211;11479;1725;997850;853923;143927;73430;70497;2802;10975;5608;801;1021842;871907;149935;81630;68305;2989;10236;5871;924;2026578;1728623;297955;156267;141688;5868;21498;11572;1767;1001922;855907;146015;74042;71973;2770;11107;5647;822;1024656;872716;151940;82225;69715;3098;10391;5925;945;2035351;1730556;304795;157612;147183;6030;21728;11622;1820;1006964;857292;149672;74706;74966;2818;11202;5662;841;1028387;873264;155123;82906;72217;3212;10526;5960;979;2047901;1734136;313765;158993;154772;6146;21932;11702;1867;1014717;859917;154800;75303;79497;2895;11287;5703;870;1033184;874219;158965;83690;75275;3251;10645;5999;997;2060103;1737888;322215;161103;161112;6337;22289;11894;1968;1021117;862463;158654;76318;82336;2984;11436;5839;909;1038986;875425;163561;84785;78776;3353;10853;6055;1059
Utrecht (PV);1220910;974688;246222;102279;143943;3591;48051;18582;1659;596784;475817;120967;48147;72820;1697;24938;8962;787;624126;498871;125255;54132;71123;1894;23113;9620;872;1228794;978228;250566;103873;146693;3731;49118;18576;1676;600525;477843;122682;48815;73867;1764;25389;8941;770;628269;500385;127884;55058;72826;1967;23729;9635;906;1237117;981958;255159;105042;150117;3994;50283;18649;1707;605032;480118;124914;49348;75566;1904;25994;8954;770;632085;501840;130245;55694;74551;2090;24289;9695;937;1245294;985675;259619;106274;153345;4300;51183;18690;1749;609345;482284;127061;49978;77083;2035;26397;8953;791;635949;503391;132558;56296;76262;2265;24786;9737;958;1253672;989711;263961;107593;156368;4529;52153;18722;1840;613674;484491;129183;50620;78563;2118;26868;8996;843;639998;505220;134778;56973;77805;2411;25285;9726;997;1263572;994230;269342;109388;159954;4719;53096;18809;1916;618888;487007;131881;51434;80447;2151;27346;9077;879;644684;507223;137461;57954;79507;2568;25750;9732;1037;1273613;997637;275976;111133;164843;4934;53859;18842;2000;624475;489158;135317;52300;83017;2238;27693;9082;914;649138;508479;140659;58833;81826;2696;26166;9760;1086;1284504;999792;284712;113600;171112;5277;54642;18932;2066;630345;490633;139712;53501;86211;2373;28025;9138;944;654159;509159;145000;60099;84901;2904;26617;9794;1122;1295484;1002102;293382;115824;177558;5592;55432;19013;2248;635951;492133;143818;54475;89343;2521;28395;9183;1050;659533;509969;149564;61349;88215;3071;27037;9830;1198
Noord-Holland (PV);2669084;1924235;744849;294364;450485;8867;95403;99840;4341;1313687;946746;366941;140540;226401;4131;49270;46879;2101;1355397;977489;377908;153824;224084;4736;46133;52961;2240;2691477;1929489;761988;301226;460762;9477;97418;100369;4406;1324310;949485;374825;143655;231170;4368;50165;47068;2125;1367167;980004;387163;157571;229592;5109;47253;53301;2281;2709822;1932367;777455;307505;469950;10221;99325;100614;4502;1333811;951385;382426;146734;235692;4714;51075;47204;2171;1376011;980982;395029;160771;234258;5507;48250;53410;2331;2724300;1934847;789453;312725;476728;10761;100996;100422;4618;1340874;953374;387500;149072;238428;4966;51766;47091;2242;1383426;981473;401953;163653;238300;5795;49230;53331;2376;2741369;1938295;803074;318728;484346;11261;102670;100412;4727;1349648;955631;394017;151931;242086;5196;52600;47114;2296;1391721;982664;409057;166797;242260;6065;50070;53298;2431;2761929;1940018;821911;328324;493587;11930;104469;100000;4928;1360069;957139;402930;156598;246332;5441;53443;46859;2399;1401860;982879;418981;171726;247255;6489;51026;53141;2529;2784854;1940087;844767;338269;506498;12579;106064;99725;5148;1372462;957876;414586;161489;253097;5700;54206;46762;2528;1412392;982211;430181;176780;253401;6879;51858;52963;2620;2809483;1937377;872106;348974;523132;13250;107614;99397;5503;1386465;957470;428995;166806;262189;5956;55005;46569;2721;1423018;979907;443111;182168;260943;7294;52609;52828;2782;2831182;1931825;899357;360695;538662;13965;108884;99315;5797;1397944;955508;442436;172751;269685;6260;55553;46518;2862;1433238;976317;456921;187944;268977;7705;53331;52797;2935
Zuid-Holland (PV);3505611;2529822;975789;341147;634642;17036;107784;146109;4380;1729071;1248483;480588;164356;316232;8160;55507;69051;2100;1776540;1281339;495201;176791;318410;8876;52277;77058;2280;3528324;2528900;999424;349846;649578;17970;110230;147218;4437;1740855;1249185;491670;168462;323208;8556;56666;69517;2110;1787469;1279715;507754;181384;326370;9414;53564;77701;2327;3552407;2527398;1025009;360842;664167;18886;112968;148305;4552;1753393;1249300;504093;173879;330214;8957;58020;70083;2167;1799014;1278098;520916;186963;333953;9929;54948;78222;2385;3563935;2524096;1039839;366905;672934;19764;115019;148534;4518;1758081;1248385;509696;176181;333515;9418;58935;70000;2153;1805854;1275711;530143;190724;339419;10346;56084;78534;2365;3577032;2521963;1055069;373121;681948;20564;117312;148805;4551;1764927;1248290;516637;179082;337555;9802;60008;70052;2168;1812105;1273673;538432;194039;344393;10762;57304;78753;2383;3600011;2521950;1078061;383588;694473;21322;119386;149352;4628;1776412;1248896;527516;183977;343539;9999;61011;70292;2204;1823599;1273054;550545;199611;350934;11323;58375;79060;2424;3622303;2519283;1103020;393078;709942;22258;121367;149698;4828;1788203;1248198;540005;188712;351293;10368;61885;70498;2312;1834100;1271085;563015;204366;358649;11890;59482;79200;2516;3650222;2518191;1132031;402834;729197;22979;123328;150227;5084;1802768;1248099;554669;193515;361154;10633;62698;70659;2452;1847454;1270092;577362;209319;368043;12346;60630;79568;2632;3681044;2517146;1163898;414974;748924;24017;125483;151007;5330;1818321;1248282;570039;199682;370357;11104;63678;70980;2568;1862723;1268864;593859;215292;378567;12913;61805;80027;2762
Zeeland (PV);381409;322286;59123;40943;18180;739;2206;2498;344;189184;160131;29053;19646;9407;384;1160;1246;162;192225;162155;30070;21297;8773;355;1046;1252;182;381530;321601;59929;41236;18693;831;2271;2524;349;189184;159785;29399;19765;9634;436;1196;1261;166;192346;161816;30530;21471;9059;395;1075;1263;183;381407;320609;60798;41941;18857;853;2343;2530;358;189181;159389;29792;20124;9668;444;1269;1258;167;192226;161220;31006;21817;9189;409;1074;1272;191;381077;319447;61630;42801;18829;834;2293;2535;378;188882;158783;30099;20585;9514;432;1205;1270;170;192195;160664;31531;22216;9315;402;1088;1265;208;380621;317864;62757;43574;19183;869;2280;2557;384;188674;158018;30656;21001;9655;448;1200;1277;172;191947;159846;32101;22573;9528;421;1080;1280;212;380726;316723;64003;44403;19600;838;2292;2542;393;188718;157449;31269;21428;9841;426;1199;1266;170;192008;159274;32734;22975;9759;412;1093;1276;223;381252;315661;65591;45070;20521;813;2330;2534;401;189115;157056;32059;21750;10309;402;1211;1254;178;192137;158605;33532;23320;10212;411;1119;1280;223;381568;314259;67309;45714;21595;827;2318;2519;401;189337;156415;32922;22066;10856;415;1199;1243;179;192231;157844;34387;23648;10739;412;1119;1276;222;382304;313142;69162;46600;22562;845;2324;2507;408;189683;155821;33862;22527;11335;418;1203;1234;181;192621;157321;35300;24073;11227;427;1121;1273;227
Noord-Brabant (PV);2444158;2053692;390466;199721;190745;6981;39255;18972;1660;1219904;1026137;193767;96478;97289;3444;20229;9331;816;1224254;1027555;196699;103243;93456;3537;19026;9641;844;2454215;2055466;398749;203428;195321;7328;39941;19018;1681;1225173;1027347;197826;98397;99429;3609;20525;9369;842;1229042;1028119;200923;105031;95892;3719;19416;9649;839;2463686;2057362;406324;207750;198574;7812;40504;19054;1684;1229968;1028605;201363;100644;100719;3903;20746;9383;837;1233718;1028757;204961;107106;97855;3909;19758;9671;847;2471011;2057530;413481;211565;201916;8166;41130;19126;1732;1234038;1029189;204849;102576;102273;4031;21016;9409;860;1236973;1028341;208632;108989;99643;4135;20114;9717;872;2479274;2057780;421494;216125;205369;8407;41673;19220;1744;1238668;1029822;208846;104915;103931;4133;21270;9457;869;1240606;1027958;212648;111210;101438;4274;20403;9763;875;2488751;2057428;431323;220807;210516;8650;42094;19202;1820;1243856;1029896;213960;107389;106571;4200;21452;9444;898;1244895;1027532;217363;113418;103945;4450;20642;9758;922;2498749;2055722;443027;225686;217341;8902;42397;19172;1895;1249641;1029325;220316;109973;110343;4351;21614;9441;938;1249108;1026397;222711;115713;106998;4551;20783;9731;957;2512531;2054706;457825;231192;226633;9132;42940;19223;2007;1257518;1029019;228499;112924;115575;4431;21857;9473;995;1255013;1025687;229326;118268;111058;4701;21083;9750;1012;2528286;2054369;473917;238818;235099;9422;43513;19323;2108;1266093;1029159;236934;117193;119741;4575;22145;9545;1038;1262193;1025210;236983;121625;115358;4847;21368;9778;1070
Limburg (PV);1122701;899855;222846;160286;62560;2662;16655;3073;503;556598;447342;109256;77010;32246;1278;8587;1523;235;566103;452513;113590;83276;30314;1384;8068;1550;268;1122627;897514;225113;161223;63890;2810;16749;3069;546;556638;446407;110231;77343;32888;1364;8626;1526;257;565989;451107;114882;83880;31002;1446;8123;1543;289;1123075;894926;228149;162854;65295;3013;16795;3093;574;556888;445221;111667;78160;33507;1453;8664;1536;278;566187;449705;116482;84694;31788;1560;8131;1557;296;1121891;891823;230068;163531;66537;3220;16864;3127;611;556461;443870;112591;78547;34044;1534;8718;1539;292;565430;447953;117477;84984;32493;1686;8146;1588;319;1120006;888168;231838;163748;68090;3302;17006;3128;635;555488;442168;113320;78513;34807;1576;8792;1543;302;564518;446000;118518;85235;33283;1726;8214;1585;333;1117941;884372;233569;163643;69926;3419;17036;3140;654;554650;440313;114337;78499;35838;1614;8783;1534;317;563291;444059;119232;85144;34088;1805;8253;1606;337;1116260;880385;235875;163493;72382;3550;16989;3149;650;553877;438443;115434;78314;37120;1657;8762;1543;318;562383;441942;120441;85179;35262;1893;8227;1606;332;1117546;876990;240556;164120;76436;3663;16991;3173;677;555049;437024;118025;78532;39493;1716;8740;1549;337;562497;439966;122531;85588;36943;1947;8251;1624;340;1117198;873541;243657;165007;78650;3729;16976;3204;707;554944;435652;119292;78882;40410;1738;8731;1576;351;562254;437889;124365;86125;38240;1991;8245;1628;356
© Centraal Bureau voor de Statistiek, Den Haag/Heerlen 16-5-2019;;;;;;;;;;;;;;;;;;;;;;;;;;;;;;;;;;;;;;;;;;;;;;;;;;;;;;;;;;;;;;;;;;;;;;;;;;;;;;;;;;;;;;;;;;;;;;;;;;;;;;;;;;;;;;;;;;;;;;;;;;;;;;;;;;;;;;;;;;;;;;;;;;;;;;;;;;;;;;;;;;;;;;;;;;;;;;;;;;;;;;;;;;;;;;;;;;;;;;;;;;;;;;;;;;;;;;;;;;;;;;;;;;;;;;;;;;;;;;;;;;;
